{
  "precision": 0.40714555052790347,
  "recall": 0.45,
  "f1": 0.4049775707384403,
  "accuracy": 0.45,
  "localization_error_m": 0.3875,
  "mean_confidence": 0.3665666935011827,
  "n_samples": 200,
  "n_features": 8,
  "lambda_helmholtz": 0.1,
  "k_wave": 2.0943951023931953,
  "epochs_run": 5,
  "is_synthetic": true,
  "is_template_demo": true,
  "compute_date": "2026-03-11T01:44:47.427735+00:00"
}