epoch,train_loss,val_loss,train_acc,val_acc,helmholtz_residual
1,1.717960,1.642996,0.141667,0.150000,6.050934
2,1.495085,1.434630,0.233333,0.325000,4.317762
3,1.396556,1.334341,0.391667,0.400000,3.300712
4,1.346108,1.284934,0.433333,0.475000,2.639883
5,1.319954,1.258479,0.466667,0.475000,2.172866
